{
    "appswift": {
        "continueTheming": true,
        "shouldCommitCode": true,
        "scmType": "git",
        "scmUserName": "Souvik.das@live.in",
        "scmPwd": "mfyupiyal",
        "scmUrl": "http://10.102.22.61:9292/Souvik/bbva-demo.git"
    },
    "cicdSwift": {
        "jenkinsProps": {
            "uploadPlugins": false,
            "scmCredId": "1493368094218scm",
            "jenkinsProtocol": "http://",
            "jenkinsPath": "/",
            "jenkinsHostName": "10.102.22.60",
            "jenkinsPort": 9999,
            "jenkinsUserId": "kkorada",
            "jenkinsPassword": "kkorada",
            "cdoeSonarName": "sonar@10.102.22.59",
            "cdoeMavenName": "maven3.3.9",
            "scm": "git",
            "codebaseUrl": "http://10.102.22.61:9292/Souvik/bbva-demo.git",
            "scmUserId": "Souvik.das@live.in",
            "scmPwd": "mfyupiyal"
        },
        "cfProps": {
            "cfApiEndPoint": "http://api.run.pivotal.io",
            "cfCredId": "1493368094218cf",
            "createDbService": true,
            "cfProfile": "prod",
            "dbServiceName": "cleardb",
            "dbServicePlanName": "spark",
            "noOfInstances": 1,
            "appMemory": 1024,
            "appDiskQuota": 1024,
            "cfOrg": "AD-Capgemini",
            "cfSpace": "dev"
        }
    }
}