{
  "generator-jhipster": {
    "baseName": "bbva",
    "packageName": "com.capgemini",
    "packageFolder": "com/capgemini",
    "serverPort": "8008",
    "authenticationType": "session",
    "hibernateCache": "ehcache",
    "clusteredHttpSession": "no",
    "websocket": "no",
    "databaseType": "sql",
    "devDatabaseType": "h2Disk",
    "prodDatabaseType": "mysql",
    "searchEngine": "no",
    "buildTool": "maven",
    "enableSocialSignIn": false,
    "useSass": false,
    "applicationType": "monolith",
    "testFrameworks": [
      "gatling",
      "cucumber",
      "protractor"
    ],
    "jhiPrefix": "cg",
    "enableTranslation": false,
    "jhipsterVersion": "3.4.2",
    "rememberMeKey": "1eab9f7f0070bb7303aa93cc5ad98d9dd7cb6cbe"
  }
}